[
  {
    "id":1,
    "first_name":"Molly",
    "last_name":"Kirk",
    "name":"Molly Kirk",
    "email_id":"mollyy@gmail.com",
    "is_paid":true
  },
  {
    "id":2,
    "first_name":"Nicholas",
    "last_name":" Moore",
    "name":"Nicholas Moore",
    "email_id":"nic@gmail.com",
    "is_paid":true
  },
  {
    "id":3,
    "first_name":"Davis",
    "last_name":"Johns",
    "name":"Davis Johns",
    "email_id":"dev@gmail.com",
    "is_paid":true
  },
  {
    "id":4,
    "first_name":"Candice",
    "last_name":"Walls",
    "name":"Candice Walls",
    "email_id":"candy@gmail.com",
    "is_paid":true
  },
  {
    "id":5,
    "first_name":"Nichole",
    "last_name":"Lewis",
    "name":"Nichole Lewis",
    "email_id":"nik@gmail.com",
    "is_paid":false
  },
  {
    "id":6,
    "first_name":"Shay",
    "last_name":"Marshall",
    "name":"Shay Marshall",
    "email_id":"shae@gmail.com",
    "is_paid":true
  },
  {
    "id":7,
    "first_name":"Wyoming",
    "last_name":"Petersen",
    "name":"Wyoming Petersen",
    "email_id":"pett@gmail.com",
    "is_paid":false
  },
  {
    "id":8,
    "first_name":"Ria",
    "last_name":"Jackson",
    "name":"Ria Jackson",
    "email_id":"ree@gmail.com",
    "is_paid":true
  }
]